Day,Month,Year,PM2.5
1,1,2014,237
2,1,2014,304
3,1,2014,298
4,1,2014,275
5,1,2014,261
6,1,2014,282
7,1,2014,350
8,1,2014,411
9,1,2014,361
10,1,2014,369
11,1,2014,342
12,1,2014,316
13,1,2014,309
14,1,2014,351
15,1,2014,360
16,1,2014,264
17,1,2014,287
18,1,2014,301
19,1,2014,336
20,1,2014,349
21,1,2014,398
22,1,2014,393
23,1,2014,388
24,1,2014,380
25,1,2014,313
26,1,2014,294
27,1,2014,174
28,1,2014,179
29,1,2014,185
30,1,2014,199
31,1,2014,220
1,2,2014,232
2,2,2014,240
3,2,2014,253
4,2,2014,250
5,2,2014,255
6,2,2014,287
7,2,2014,248
8,2,2014,251
9,2,2014,280
10,2,2014,344
11,2,2014,340
12,2,2014,358
13,2,2014,359
14,2,2014,351
15,2,2014,382
16,2,2014,364
17,2,2014,304
18,2,2014,287
19,2,2014,309
20,2,2014,267
21,2,2014,238
22,2,2014,236
23,2,2014,241
24,2,2014,235
25,2,2014,229
26,2,2014,222
27,2,2014,186
28,2,2014,171
1,3,2014,184
2,3,2014,196
3,3,2014,189
4,3,2014,173
5,3,2014,181
6,3,2014,184
7,3,2014,197
8,3,2014,214
9,3,2014,202
10,3,2014,201
11,3,2014,223
12,3,2014,220
13,3,2014,182
14,3,2014,180
15,3,2014,181
16,3,2014,190
17,3,2014,243
18,3,2014,250
19,3,2014,202
20,3,2014,188
21,3,2014,192
22,3,2014,197
23,3,2014,239
24,3,2014,302
25,3,2014,319
26,3,2014,324
27,3,2014,266
28,3,2014,209
29,3,2014,219
30,3,2014,237
31,3,2014,234
1,4,2014,227
2,4,2014,263
3,4,2014,256
4,4,2014,213
5,4,2014,160
6,4,2014,153
7,4,2014,165
8,4,2014,182
9,4,2014,186
10,4,2014,212
11,4,2014,207
12,4,2014,178
13,4,2014,193
14,4,2014,161
15,4,2014,164
16,4,2014,183
17,4,2014,187
18,4,2014,179
19,4,2014,176
20,4,2014,190
21,4,2014,195
22,4,2014,138
23,4,2014,97
24,4,2014,104
25,4,2014,108
26,4,2014,110
27,4,2014,130
28,4,2014,153
29,4,2014,155
30,4,2014,179
1,5,2014,194
2,5,2014,206
3,5,2014,207
4,5,2014,206
5,5,2014,234
6,5,2014,217
7,5,2014,164
8,5,2014,150
9,5,2014,150
10,5,2014,158
11,5,2014,166
12,5,2014,169
13,5,2014,169
14,5,2014,174
15,5,2014,172
16,5,2014,239
17,5,2014,263
18,5,2014,180
19,5,2014,154
20,5,2014,164
21,5,2014,172
22,5,2014,180
23,5,2014,178
24,5,2014,169
25,5,2014,179
26,5,2014,149
27,5,2014,136
28,5,2014,152
29,5,2014,164
30,5,2014,173
31,5,2014,168
1,6,2014,156
2,6,2014,155
3,6,2014,169
4,6,2014,148
5,6,2014,119
6,6,2014,122
7,6,2014,115
8,6,2014,130
9,6,2014,151
10,6,2014,151
11,6,2014,157
12,6,2014,166
13,6,2014,162
14,6,2014,135
15,6,2014,136
16,6,2014,175
17,6,2014,183
18,6,2014,182
19,6,2014,158
20,6,2014,138
21,6,2014,118
22,6,2014,138
23,6,2014,185
24,6,2014,192
25,6,2014,172
26,6,2014,145
27,6,2014,150
28,6,2014,186
29,6,2014,183
30,6,2014,175
1,7,2014,164
2,7,2014,166
3,7,2014,180
4,7,2014,183
5,7,2014,187
6,7,2014,189
7,7,2014,172
8,7,2014,167
9,7,2014,144
10,7,2014,128
11,7,2014,148
12,7,2014,150
13,7,2014,167
14,7,2014,153
15,7,2014,246
16,7,2014,195
17,7,2014,185
18,7,2014,163
19,7,2014,161
20,7,2014,163
21,7,2014,155
22,7,2014,148
23,7,2014,152
24,7,2014,186
25,7,2014,168
26,7,2014,162
27,7,2014,174
28,7,2014,175
29,7,2014,131
30,7,2014,125
31,7,2014,139
1,8,2014,148
2,8,2014,157
3,8,2014,160
4,8,2014,160
5,8,2014,159
6,8,2014,111
7,8,2014,106
8,8,2014,111
9,8,2014,102
10,8,2014,94
11,8,2014,107
12,8,2014,158
13,8,2014,177
14,8,2014,182
15,8,2014,196
16,8,2014,198
17,8,2014,202
18,8,2014,144
19,8,2014,109
20,8,2014,132
21,8,2014,159
22,8,2014,162
23,8,2014,163
24,8,2014,168
25,8,2014,170
26,8,2014,162
27,8,2014,154
28,8,2014,168
29,8,2014,160
30,8,2014,137
31,8,2014,111
1,9,2014,159
2,9,2014,134
3,9,2014,134
4,9,2014,144
5,9,2014,129
6,9,2014,147
7,9,2014,175
8,9,2014,165
9,9,2014,147
10,9,2014,140
11,9,2014,150
12,9,2014,158
13,9,2014,145
14,9,2014,136
15,9,2014,139
16,9,2014,130
17,9,2014,117
18,9,2014,135
19,9,2014,157
20,9,2014,151
21,9,2014,155
22,9,2014,155
23,9,2014,265
24,9,2014,265
25,9,2014,188
26,9,2014,190
27,9,2014,190
28,9,2014,172
29,9,2014,177
30,9,2014,192
1,10,2014,157
2,10,2014,143
3,10,2014,149
4,10,2014,149
5,10,2014,153
6,10,2014,212
7,10,2014,299
8,10,2014,299
9,10,2014,285
10,10,2014,270
11,10,2014,109
12,10,2014,76
13,10,2014,115
14,10,2014,258
15,10,2014,272
16,10,2014,164
17,10,2014,105
18,10,2014,80
19,10,2014,99
20,10,2014,114
21,10,2014,104
22,10,2014,95
23,10,2014,98
24,10,2014,104
25,10,2014,103
26,10,2014,92
27,10,2014,93
28,10,2014,100
29,10,2014,91
30,10,2014,81
31,10,2014,73
1,11,2014,90
2,11,2014,111
3,11,2014,103
4,11,2014,88
5,11,2014,80
6,11,2014,82
7,11,2014,98
8,11,2014,163
9,11,2014,88
10,11,2014,71
11,11,2014,78
12,11,2014,77
13,11,2014,78
14,11,2014,95
15,11,2014,113
16,11,2014,110
17,11,2014,136
18,11,2014,92
19,11,2014,69
20,11,2014,67
21,11,2014,68
22,11,2014,93
23,11,2014,113
24,11,2014,140
25,11,2014,153
26,11,2014,132
27,11,2014,121
28,11,2014,118
29,11,2014,120
30,11,2014,132
1,12,2014,127
2,12,2014,118
3,12,2014,112
4,12,2014,111
5,12,2014,106
6,12,2014,113
7,12,2014,141
8,12,2014,134
9,12,2014,93
10,12,2014,63
11,12,2014,59
12,12,2014,71
13,12,2014,74
14,12,2014,80
15,12,2014,75
16,12,2014,72
17,12,2014,79
18,12,2014,92
19,12,2014,146
20,12,2014,139
21,12,2014,112
22,12,2014,123
23,12,2014,124
24,12,2014,116
25,12,2014,132
26,12,2014,146
27,12,2014,146
28,12,2014,148
29,12,2014,138
30,12,2014,140
31,12,2014,121
1,1,2015,313.22
2,1,2015,186.18
3,1,2015,87.18
4,1,2015,151.84
5,1,2015,146.6
6,1,2015,149.58
7,1,2015,217.87
8,1,2015,229.9
9,1,2015,201.66
10,1,2015,221.02
11,1,2015,205.41
12,1,2015,212.41
13,1,2015,197.61
14,1,2015,164.39
15,1,2015,166.19
16,1,2015,174.98
17,1,2015,196.46
18,1,2015,201.51
19,1,2015,183.35
20,1,2015,165.63
21,1,2015,159.54
22,1,2015,143.68
23,1,2015,128.73
24,1,2015,164.98
25,1,2015,148.59
26,1,2015,129.34
27,1,2015,154.2
28,1,2015,134.6
29,1,2015,173.13
30,1,2015,178.04
31,1,2015,158.59
1,2,2015,211.59
2,2,2015,163.64
3,2,2015,157.71
4,2,2015,137.26
5,2,2015,131.76
6,2,2015,151.6
7,2,2015,160.75
8,2,2015,145.34
9,2,2015,134.67
10,2,2015,153.07
11,2,2015,116.91
12,2,2015,177.98
13,2,2015,167.01
14,2,2015,193.96
15,2,2015,184.06
16,2,2015,152.62
17,2,2015,161.27
18,2,2015,188.2
19,2,2015,159.97
20,2,2015,144.12
21,2,2015,155.38
22,2,2015,124.1
23,2,2015,141.39
24,2,2015,170.16
25,2,2015,148.19
26,2,2015,140.78
27,2,2015,130.42
28,2,2015,105.86
1,3,2015,71.83
2,3,2015,53.71
3,3,2015,83.49
4,3,2015,91.07
5,3,2015,106.57
6,3,2015,101.75
7,3,2015,77.57
8,3,2015,63.24
9,3,2015,76.62
10,3,2015,86.7
11,3,2015,104.29
12,3,2015,115.93
13,3,2015,108.66
14,3,2015,67.94
15,3,2015,38.89
16,3,2015,45.39
17,3,2015,55.55
18,3,2015,50.59
19,3,2015,69.51
20,3,2015,96.62
21,3,2015,96.28
22,3,2015,72.2
23,3,2015,78.47
24,3,2015,91.87
25,3,2015,107.26
26,3,2015,109.78
27,3,2015,62.27
28,3,2015,102.22
29,3,2015,104.36
30,3,2015,44.19
31,3,2015,55.66
1,4,2015,112.86
2,4,2015,78.51
3,4,2015,66.52
4,4,2015,62.56
5,4,2015,78.61
6,4,2015,119.7
7,4,2015,66.09
8,4,2015,95.34
9,4,2015,63.57
10,4,2015,96.56
11,4,2015,131.39
12,4,2015,75.35
13,4,2015,86.49
14,4,2015,77.07
15,4,2015,98.79
16,4,2015,81.81
17,4,2015,65.78
18,4,2015,119.82
19,4,2015,125.53
20,4,2015,121.51
21,4,2015,114.5
22,4,2015,101.83
23,4,2015,118.57
24,4,2015,143.22
25,4,2015,106.76
26,4,2015,65.36
27,4,2015,67.08
28,4,2015,81.37
29,4,2015,63.76
30,4,2015,60.56
1,5,2015,76.1
2,5,2015,72.66
3,5,2015,121.94
4,5,2015,108.98
5,5,2015,145.99
6,5,2015,171.33
7,5,2015,117.76
8,5,2015,90.66
9,5,2015,106.4
10,5,2015,101.21
11,5,2015,97.57
12,5,2015,96.34
13,5,2015,83.42
14,5,2015,78.06
15,5,2015,97.87
16,5,2015,77.52
17,5,2015,97.16
18,5,2015,66.85
19,5,2015,89.85
20,5,2015,67.41
21,5,2015,75.54
22,5,2015,67.91
23,5,2015,69.02
24,5,2015,79.1
25,5,2015,117.27
26,5,2015,96.09
27,5,2015,84.71
28,5,2015,182.76
29,5,2015,106.61
30,5,2015,92.68
31,5,2015,73.62
1,6,2015,49.42
2,6,2015,52.51
3,6,2015,65.28
4,6,2015,85.45
5,6,2015,83.02
6,6,2015,44.54
7,6,2015,85.03
8,6,2015,137.7
9,6,2015,136.05
10,6,2015,63.77
11,6,2015,115.57
12,6,2015,83.29
13,6,2015,73.7
14,6,2015,74.56
15,6,2015,106.11
16,6,2015,132.21
17,6,2015,123.56
18,6,2015,132.21
19,6,2015,110.65
20,6,2015,80.31
21,6,2015,59.73
22,6,2015,85.4
23,6,2015,101.99
24,6,2015,126.07
25,6,2015,37.59
26,6,2015,76
27,6,2015,69.46
28,6,2015,79.84
29,6,2015,48.5
30,6,2015,53.79
1,7,2015,57.99
2,7,2015,67.12
3,7,2015,65.25
4,7,2015,88.75
5,7,2015,135.92
6,7,2015,60.27
7,7,2015,52.2
8,7,2015,67.92
9,7,2015,65.95
10,7,2015,47.68
11,7,2015,29.08
12,7,2015,32.29
13,7,2015,36.68
14,7,2015,44.48
15,7,2015,63.79
16,7,2015,77.2
17,7,2015,77.99
18,7,2015,71.11
19,7,2015,67.39
20,7,2015,49.58
21,7,2015,40.97
22,7,2015,38.97
23,7,2015,34.02
24,7,2015,46.13
25,7,2015,46.01
26,7,2015,29.81
27,7,2015,22.82
28,7,2015,24.69
29,7,2015,29.04
30,7,2015,25.76
31,7,2015,37.85
1,8,2015,41.32
2,8,2015,47.81
3,8,2015,56.02
4,8,2015,54.46
5,8,2015,59.13
6,8,2015,65.47
7,8,2015,64.58
8,8,2015,70.05
9,8,2015,55.51
10,8,2015,82.27
11,8,2015,77.04
12,8,2015,52.45
13,8,2015,61.66
14,8,2015,65.67
15,8,2015,51.4
16,8,2015,55.71
17,8,2015,61.84
18,8,2015,60.65
19,8,2015,34.42
20,8,2015,40.83
21,8,2015,50.97
22,8,2015,46.74
23,8,2015,44.67
24,8,2015,37.39
25,8,2015,52.06
26,8,2015,57.52
27,8,2015,61.47
28,8,2015,77.76
29,8,2015,68.53
30,8,2015,57.85
31,8,2015,51.67
1,9,2015,73.78
2,9,2015,97.63
3,9,2015,99.5
4,9,2015,97.31
5,9,2015,76.43
6,9,2015,61.69
7,9,2015,55.19
8,9,2015,63.79
9,9,2015,58.48
10,9,2015,60.29
11,9,2015,67.35
12,9,2015,87.55
13,9,2015,84.57
14,9,2015,111.58
15,9,2015,108.78
16,9,2015,91.18
17,9,2015,104.85
18,9,2015,56.19
19,9,2015,67.62
20,9,2015,64.38
21,9,2015,45.65
22,9,2015,35.75
23,9,2015,34.89
24,9,2015,63.06
25,9,2015,82.39
26,9,2015,88.08
27,9,2015,89.75
28,9,2015,69.57
29,9,2015,68.34
30,9,2015,61.08
1,10,2015,85.7
2,10,2015,97.62
3,10,2015,103.58
4,10,2015,145.97
5,10,2015,180.52
6,10,2015,151.57
7,10,2015,144.04
8,10,2015,148.44
9,10,2015,130.22
10,10,2015,147.71
11,10,2015,111.34
12,10,2015,100.7
13,10,2015,97.67
14,10,2015,75.81
15,10,2015,95.24
16,10,2015,148.29
17,10,2015,90.66
18,10,2015,156.71
19,10,2015,170.28
20,10,2015,198.1
21,10,2015,158.04
22,10,2015,116.98
23,10,2015,143.73
24,10,2015,169.22
25,10,2015,147.65
26,10,2015,101.61
27,10,2015,113.2
28,10,2015,112.89
29,10,2015,95.72
30,10,2015,108.4
31,10,2015,245.97
1,11,2015,277.53
2,11,2015,232.4
3,11,2015,244.78
4,11,2015,293.49
5,11,2015,161.78
6,11,2015,153.33
7,11,2015,353.86
8,11,2015,217.55
9,11,2015,201.44
10,11,2015,249.95
11,11,2015,219.68
12,11,2015,258.48
13,11,2015,291.66
14,11,2015,221.68
15,11,2015,214.24
16,11,2015,184.02
17,11,2015,136.22
18,11,2015,188.09
19,11,2015,238.69
20,11,2015,271.42
21,11,2015,293.73
22,11,2015,247.27
23,11,2015,266.95
24,11,2015,241.61
25,11,2015,149.14
26,11,2015,182.5
27,11,2015,193.58
28,11,2015,172.89
29,11,2015,190.46
30,11,2015,282.76
1,12,2015,183.28
2,12,2015,170.74
3,12,2015,190.14
4,12,2015,186.64
5,12,2015,282.01
6,12,2015,218.22
7,12,2015,249.8
8,12,2015,283.59
9,12,2015,250.69
10,12,2015,211.95
11,12,2015,198.38
12,12,2015,184.12
13,12,2015,135.42
14,12,2015,118.6
15,12,2015,88.3
16,12,2015,111.45
17,12,2015,152.24
18,12,2015,136.75
19,12,2015,114.35
20,12,2015,181.67
21,12,2015,135.78
22,12,2015,204.72
23,12,2015,321.52
24,12,2015,129.08
25,12,2015,132.56
26,12,2015,158.69
27,12,2015,187.01
28,12,2015,148.77
29,12,2015,159.67
30,12,2015,233.97
31,12,2015,240.97
1,1,2016,295.71
2,1,2016,239.21
3,1,2016,270.1
4,1,2016,339.8
5,1,2016,318.1
6,1,2016,305.51
7,1,2016,391.54
8,1,2016,339.87
9,1,2016,158.43
10,1,2016,183.24
11,1,2016,227.13
12,1,2016,195.21
13,1,2016,248.59
14,1,2016,196.87
15,1,2016,178.8
16,1,2016,138.86
17,1,2016,179.48
18,1,2016,269.05
19,1,2016,278.2
20,1,2016,272.1
21,1,2016,196.83
22,1,2016,290.66
23,1,2016,294.3
24,1,2016,303.5
25,1,2016,217.05
26,1,2016,308.75
27,1,2016,255.94
28,1,2016,283.03
29,1,2016,311.08
30,1,2016,285.83
31,1,2016,242.05
1,2,2016,121.4
2,2,2016,135.31
3,2,2016,136.87
4,2,2016,130.76
5,2,2016,206.72
6,2,2016,224.94
7,2,2016,170.45
8,2,2016,119.57
9,2,2016,181.76
10,2,2016,216.55
11,2,2016,150
12,2,2016,146.03
13,2,2016,110.89
14,2,2016,103.57
15,2,2016,115.7
16,2,2016,123.22
17,2,2016,135.38
18,2,2016,148.75
19,2,2016,207.1
20,2,2016,150.89
21,2,2016,76.12
22,2,2016,88.73
23,2,2016,86.17
24,2,2016,177.64
25,2,2016,131.69
26,2,2016,129.66
27,2,2016,144.98
28,2,2016,163.92
29,2,2016,170.12
1,3,2016,213.62
2,3,2016,175.63
3,3,2016,165.22
4,3,2016,115.55
5,3,2016,53
6,3,2016,47.43
7,3,2016,98.61
8,3,2016,84.42
9,3,2016,109.16
10,3,2016,129.9
11,3,2016,85.76
12,3,2016,60.17
13,3,2016,58.95
14,3,2016,51.82
15,3,2016,81.32
16,3,2016,67.63
17,3,2016,70.86
18,3,2016,72.47
19,3,2016,103.73
20,3,2016,95.52
21,3,2016,58.4
22,3,2016,47.43
23,3,2016,80.01
24,3,2016,156.01
25,3,2016,137.99
26,3,2016,72.44
27,3,2016,61.75
28,3,2016,81.46
29,3,2016,89.75
30,3,2016,88.68
31,3,2016,127.86
1,4,2016,130.7
2,4,2016,118.44
3,4,2016,148.22
4,4,2016,132.86
5,4,2016,97.83
6,4,2016,91.82
7,4,2016,129.61
8,4,2016,89.78
9,4,2016,166.76
10,4,2016,107.81
11,4,2016,81.12
12,4,2016,74.03
13,4,2016,74.9
14,4,2016,94.81
15,4,2016,137.48
16,4,2016,124.13
17,4,2016,102.86
18,4,2016,102.9
19,4,2016,129.06
20,4,2016,124.8
21,4,2016,92.74
22,4,2016,113.75
23,4,2016,89.52
24,4,2016,123.59
25,4,2016,104.5
26,4,2016,139.37
27,4,2016,162.54
28,4,2016,161.23
29,4,2016,181.49
30,4,2016,142.64
1,5,2016,124.21
2,5,2016,119.47
3,5,2016,125.36
4,5,2016,103.08
5,5,2016,65.02
6,5,2016,54.34
7,5,2016,77.89
8,5,2016,90.19
9,5,2016,77.34
10,5,2016,73.55
11,5,2016,66.49
12,5,2016,100.09
13,5,2016,99.88
14,5,2016,105.51
15,5,2016,128.85
16,5,2016,94.89
17,5,2016,92.95
18,5,2016,117.64
19,5,2016,94.22
20,5,2016,70.86
21,5,2016,78.02
22,5,2016,66.3
23,5,2016,87.31
24,5,2016,57.35
25,5,2016,105.02
26,5,2016,111.22
27,5,2016,180.71
28,5,2016,109.82
29,5,2016,42.67
30,5,2016,56.87
31,5,2016,101.54
1,6,2016,76.56
2,6,2016,81.4
3,6,2016,138.97
4,6,2016,137.81
5,6,2016,77.72
6,6,2016,84.61
7,6,2016,66.72
8,6,2016,64.08
9,6,2016,64.95
10,6,2016,75.75
11,6,2016,69.25
12,6,2016,70.71
13,6,2016,96.72
14,6,2016,59.02
15,6,2016,102.42
16,6,2016,62.37
17,6,2016,67.76
18,6,2016,79.17
19,6,2016,101.31
20,6,2016,83.1
21,6,2016,72.33
22,6,2016,75.14
23,6,2016,91.63
24,6,2016,100.02
25,6,2016,67.12
26,6,2016,48
27,6,2016,76.76
28,6,2016,80.89
29,6,2016,60.67
30,6,2016,69.65
1,7,2016,58.21
2,7,2016,57.24
3,7,2016,67.6
4,7,2016,57.1
5,7,2016,68.71
6,7,2016,77.71
7,7,2016,54.5
8,7,2016,54.96
9,7,2016,52.95
10,7,2016,59.13
11,7,2016,60.92
12,7,2016,39.32
13,7,2016,71.53
14,7,2016,73.51
15,7,2016,52.88
16,7,2016,50.99
17,7,2016,75.93
18,7,2016,44.08
19,7,2016,42.14
20,7,2016,56.86
21,7,2016,45.64
22,7,2016,48.36
23,7,2016,42.09
24,7,2016,59.4
25,7,2016,76.29
26,7,2016,54.5
27,7,2016,40.55
28,7,2016,46.44
29,7,2016,56.16
30,7,2016,42.7
31,7,2016,48.03
1,8,2016,43.47
2,8,2016,43.55
3,8,2016,50.86
4,8,2016,49.04
5,8,2016,39.3
6,8,2016,43.86
7,8,2016,42.84
8,8,2016,44.04
9,8,2016,41.29
10,8,2016,39.28
11,8,2016,30.66
12,8,2016,42.15
13,8,2016,56.45
14,8,2016,40.81
15,8,2016,39.51
16,8,2016,49.04
17,8,2016,62.19
18,8,2016,55.55
19,8,2016,59.03
20,8,2016,48.57
21,8,2016,28.01
22,8,2016,28.6
23,8,2016,38.99
24,8,2016,43.35
25,8,2016,45.88
26,8,2016,54.13
27,8,2016,56.56
28,8,2016,57.09
29,8,2016,54.73
30,8,2016,48.93
31,8,2016,37.1
1,9,2016,28.06
2,9,2016,44.31
3,9,2016,46.77
4,9,2016,57.64
5,9,2016,45.37
6,9,2016,50.42
7,9,2016,50.73
8,9,2016,71.72
9,9,2016,87.99
10,9,2016,45.7
11,9,2016,45.89
12,9,2016,49.7
13,9,2016,57.08
14,9,2016,47.36
15,9,2016,79.99
16,9,2016,67.11
17,9,2016,81.9
18,9,2016,86.16
19,9,2016,75.02
20,9,2016,94.23
21,9,2016,89.62
22,9,2016,32.73
23,9,2016,55.64
24,9,2016,56.46
25,9,2016,56.64
26,9,2016,89.09
27,9,2016,52.49
28,9,2016,105.43
29,9,2016,101.84
30,9,2016,84.33
1,10,2016,117.28
2,10,2016,81.87
3,10,2016,103.12
4,10,2016,159.8
5,10,2016,81.71
6,10,2016,117.86
7,10,2016,114.06
8,10,2016,132.11
9,10,2016,144.47
10,10,2016,125.8
11,10,2016,134.84
12,10,2016,114.3
13,10,2016,86.93
14,10,2016,94.83
15,10,2016,144.98
16,10,2016,132.01
17,10,2016,149.35
18,10,2016,161.49
19,10,2016,140.57
20,10,2016,135.9
21,10,2016,161.11
22,10,2016,140.92
23,10,2016,182.14
24,10,2016,164.51
25,10,2016,115.76
26,10,2016,209.27
27,10,2016,296.27
28,10,2016,318.57
29,10,2016,350.39
30,10,2016,355.77
31,10,2016,434.92
1,11,2016,394.59
2,11,2016,537.96
3,11,2016,482.4
4,11,2016,342.45
5,11,2016,588.39
6,11,2016,685.36
7,11,2016,488.57
8,11,2016,338.38
9,11,2016,307.08
10,11,2016,291.71
11,11,2016,295.88
12,11,2016,277.67
13,11,2016,228.16
14,11,2016,194.2
15,11,2016,236.09
16,11,2016,291.98
17,11,2016,351.47
18,11,2016,237.21
19,11,2016,285.71
20,11,2016,323.74
21,11,2016,340.61
22,11,2016,281.76
23,11,2016,174.56
24,11,2016,216.1
25,11,2016,136.21
26,11,2016,113.3
27,11,2016,128.7
28,11,2016,127.5
29,11,2016,236.58
30,11,2016,246.25
1,12,2016,263.61
2,12,2016,263.25
3,12,2016,196.6
4,12,2016,223.3
5,12,2016,204.6
6,12,2016,293.91
7,12,2016,283.61
8,12,2016,238.21
9,12,2016,295.62
10,12,2016,189.09
11,12,2016,199.12
12,12,2016,210.28
13,12,2016,209.91
14,12,2016,154.55
15,12,2016,167.64
16,12,2016,200.78
17,12,2016,229.35
18,12,2016,232.33
19,12,2016,236.24
20,12,2016,161.92
21,12,2016,131.95
22,12,2016,187.3
23,12,2016,364.15
24,12,2016,411.8
25,12,2016,232.41
26,12,2016,154.26
27,12,2016,213.2
28,12,2016,273.82
29,12,2016,339.96
30,12,2016,231.1
31,12,2016,211.16
1,1,2017,191.5
2,1,2017,247.79
3,1,2017,255.33
4,1,2017,248.01
5,1,2017,215.42
6,1,2017,194.12
7,1,2017,154.52
8,1,2017,136.98
9,1,2017,141.88
10,1,2017,108.26
11,1,2017,146.04
12,1,2017,216.73
13,1,2017,232.37
14,1,2017,309.28
15,1,2017,222.66
16,1,2017,188.08
17,1,2017,177.67
18,1,2017,218.63
19,1,2017,227.68
20,1,2017,217.55
21,1,2017,349.98
22,1,2017,286.6
23,1,2017,189.45
24,1,2017,230.94
25,1,2017,241.78
26,1,2017,135.87
27,1,2017,74.92
28,1,2017,109.13
29,1,2017,132.35
30,1,2017,166.71
31,1,2017,214.23
1,2,2017,136.02
2,2,2017,198.24
3,2,2017,194.99
4,2,2017,186.65
5,2,2017,146.49
6,2,2017,176.04
7,2,2017,77.85
8,2,2017,129.1
9,2,2017,133.12
10,2,2017,120.43
11,2,2017,129.09
12,2,2017,166.55
13,2,2017,130.62
14,2,2017,168.96
15,2,2017,183.98
16,2,2017,163.86
17,2,2017,112.02
18,2,2017,107.13
19,2,2017,109.38
20,2,2017,126.74
21,2,2017,106.92
22,2,2017,93.03
23,2,2017,182.29
24,2,2017,451.25
25,2,2017,425.22
26,2,2017,328.23
27,2,2017,178.5
28,2,2017,149.73
1,3,2017,127.9
2,3,2017,114.68
3,3,2017,67.83
4,3,2017,82.32
5,3,2017,90.6
6,3,2017,91.6
7,3,2017,112.41
8,3,2017,134.4
9,3,2017,106.45
10,3,2017,68.88
11,3,2017,37.49
12,3,2017,64.42
13,3,2017,74.58
14,3,2017,102.46
15,3,2017,112.71
16,3,2017,125.8
17,3,2017,114.07
18,3,2017,96.39
19,3,2017,120.43
20,3,2017,121.21
21,3,2017,128.51
22,3,2017,120.88
23,3,2017,151.17
24,3,2017,149.42
25,3,2017,168.23
26,3,2017,118.34
27,3,2017,156.38
28,3,2017,152.66
29,3,2017,113.62
30,3,2017,69.44
31,3,2017,91.19
1,4,2017,105.71
2,4,2017,83.36
3,4,2017,70.62
4,4,2017,84.4
5,4,2017,47.67
6,4,2017,62.44
7,4,2017,150.76
8,4,2017,151.25
9,4,2017,68.88
10,4,2017,129.15
11,4,2017,146.59
12,4,2017,107.69
13,4,2017,163.97
14,4,2017,184.69
15,4,2017,176.54
16,4,2017,175.23
17,4,2017,145.22
18,4,2017,152.84
19,4,2017,136.35
20,4,2017,152.99
21,4,2017,130.13
22,4,2017,110.54
23,4,2017,103.42
24,4,2017,99.09
25,4,2017,96.07
26,4,2017,72.31
27,4,2017,93.14
28,4,2017,109.36
29,4,2017,126.74
30,4,2017,80.81
1,5,2017,85.8
2,5,2017,198.2
3,5,2017,145.74
4,5,2017,109.91
5,5,2017,207.4
6,5,2017,204.56
7,5,2017,220.77
8,5,2017,183.82
9,5,2017,109.76
10,5,2017,74.42
11,5,2017,94.28
12,5,2017,216.96
13,5,2017,198.09
14,5,2017,121.76
15,5,2017,135.54
16,5,2017,123.21
17,5,2017,78.18
18,5,2017,126.04
19,5,2017,139.1
20,5,2017,233.82
21,5,2017,178.44
22,5,2017,110.1
23,5,2017,118.43
24,5,2017,107.37
25,5,2017,113.9
26,5,2017,103.75
27,5,2017,69.88
28,5,2017,40.33
29,5,2017,48.95
30,5,2017,63.27
31,5,2017,56.38
1,6,2017,95.23
2,6,2017,123.44
3,6,2017,122.2
4,6,2017,121.1
5,6,2017,71.89
6,6,2017,80.37
7,6,2017,40.87
8,6,2017,41.83
9,6,2017,66.73
10,6,2017,64.63
11,6,2017,43.02
12,6,2017,57.4
13,6,2017,48.6
14,6,2017,62
15,6,2017,80.14
16,6,2017,51.6
17,6,2017,41.96
18,6,2017,65.19
19,6,2017,60.9
20,6,2017,35.1
21,6,2017,58.27
22,6,2017,61.93
23,6,2017,44.08
24,6,2017,63.62
25,6,2017,76.1
26,6,2017,51.52
27,6,2017,36.62
28,6,2017,29.83
29,6,2017,22.98
30,6,2017,25.83
1,7,2017,43.35
2,7,2017,20.52
3,7,2017,46.71
4,7,2017,116.12
5,7,2017,50.81
6,7,2017,47.17
7,7,2017,41.42
8,7,2017,45.31
9,7,2017,58.46
10,7,2017,41.92
11,7,2017,33.04
12,7,2017,22.35
13,7,2017,22.44
14,7,2017,30.35
15,7,2017,32.02
16,7,2017,38.77
17,7,2017,33.56
18,7,2017,37.67
19,7,2017,55.96
20,7,2017,28.88
21,7,2017,23.12
22,7,2017,18.54
23,7,2017,22.65
24,7,2017,17.52
25,7,2017,22.17
26,7,2017,20.17
27,7,2017,24.42
28,7,2017,25.71
29,7,2017,27.25
30,7,2017,10.88
31,7,2017,17.1
1,8,2017,17.24
2,8,2017,27.56
3,8,2017,27.29
4,8,2017,42.65
5,8,2017,53.69
6,8,2017,61.44
7,8,2017,57.42
8,8,2017,36.58
9,8,2017,50.42
10,8,2017,48.6
11,8,2017,21.83
12,8,2017,48.6
13,8,2017,39.6
14,8,2017,26.54
15,8,2017,30.12
16,8,2017,35.23
17,8,2017,39.6
18,8,2017,46.25
19,8,2017,35.48
20,8,2017,22.15
21,8,2017,25.5
22,8,2017,46
23,8,2017,36.54
24,8,2017,47.79
25,8,2017,51.33
26,8,2017,62.33
27,8,2017,34.3
28,8,2017,23.82
29,8,2017,15.23
30,8,2017,20.5
31,8,2017,41.62
1,9,2017,25.58
2,9,2017,20.06
3,9,2017,38.19
4,9,2017,47.89
5,9,2017,35.61
6,9,2017,39.41
7,9,2017,40.34
8,9,2017,51.7
9,9,2017,54.83
10,9,2017,60.46
11,9,2017,63.97
12,9,2017,46.65
13,9,2017,54.77
14,9,2017,80.47
15,9,2017,64.37
16,9,2017,51.56
17,9,2017,53.05
18,9,2017,60.83
19,9,2017,55.55
20,9,2017,70.81
21,9,2017,55.93
22,9,2017,11.81
23,9,2017,17.76
24,9,2017,35.5
25,9,2017,50.09
26,9,2017,66.12
27,9,2017,80.94
28,9,2017,75.4
29,9,2017,89.38
30,9,2017,74.2
1,10,2017,68.47
2,10,2017,63.41
3,10,2017,69.45
4,10,2017,76.81
5,10,2017,75.73
6,10,2017,79.81
7,10,2017,70.98
8,10,2017,102.2
9,10,2017,107.63
10,10,2017,105.88
11,10,2017,104.45
12,10,2017,106.85
13,10,2017,137.42
14,10,2017,147.07
15,10,2017,147.83
16,10,2017,152.61
17,10,2017,121.7
18,10,2017,152.16
19,10,2017,176.17
20,10,2017,426.52
21,10,2017,213.12
22,10,2017,146.01
23,10,2017,163.35
24,10,2017,188.24
25,10,2017,203.03
26,10,2017,178.91
27,10,2017,167.54
28,10,2017,198.37
29,10,2017,187.82
30,10,2017,196.37
31,10,2017,211.64
1,11,2017,179.17
2,11,2017,160.69
3,11,2017,168.16
4,11,2017,190.33
5,11,2017,209.61
6,11,2017,216.53
7,11,2017,517.93
8,11,2017,639.19
9,11,2017,495.9
10,11,2017,370.73
11,11,2017,363.77
12,11,2017,465.08
13,11,2017,354.56
14,11,2017,254.36
15,11,2017,192.04
16,11,2017,191.57
17,11,2017,150.79
18,11,2017,143.51
19,11,2017,128.65
20,11,2017,171.34
21,11,2017,178.08
22,11,2017,177.41
23,11,2017,175.56
24,11,2017,187.97
25,11,2017,185.31
26,11,2017,224.37
27,11,2017,198.34
28,11,2017,167.74
29,11,2017,215.17
30,11,2017,219.84
1,12,2017,190.45
2,12,2017,208.87
3,12,2017,240.87
4,12,2017,261.82
5,12,2017,230.56
6,12,2017,120.91
7,12,2017,88.95
8,12,2017,115.08
9,12,2017,165.76
10,12,2017,230.34
11,12,2017,218.87
12,12,2017,109.18
13,12,2017,134.99
14,12,2017,126.67
15,12,2017,127.57
16,12,2017,100.72
17,12,2017,95.58
18,12,2017,115.19
19,12,2017,168.33
20,12,2017,283.24
21,12,2017,293.14
22,12,2017,157.72
23,12,2017,117.72
24,12,2017,203.18
25,12,2017,259
26,12,2017,224.42
27,12,2017,224.27
28,12,2017,249.17
29,12,2017,227.28
30,12,2017,273.56
31,12,2017,306.17
1,1,2018,303.41
2,1,2018,277.48
3,1,2018,217.01
4,1,2018,248.54
5,1,2018,240.42
6,1,2018,252.57
7,1,2018,191.66
8,1,2018,152.98
9,1,2018,233.1
10,1,2018,186.26
11,1,2018,154.64
12,1,2018,168.87
13,1,2018,230.5
14,1,2018,191.47
15,1,2018,177.71
16,1,2018,133.56
17,1,2018,235.06
18,1,2018,276.25
19,1,2018,253.7
20,1,2018,152.33
21,1,2018,153.61
22,1,2018,202.11
23,1,2018,160.79
24,1,2018,130.16
25,1,2018,111.75
26,1,2018,128.45
27,1,2018,155.2
28,1,2018,150.96
29,1,2018,162.48
30,1,2018,126.84
31,1,2018,123.48
1,2,2018,157.33
2,2,2018,140.35
3,2,2018,115.05
4,2,2018,133.8
5,2,2018,163.6
6,2,2018,143.29
7,2,2018,131.49
8,2,2018,186.19
9,2,2018,203.33
10,2,2018,209.7
11,2,2018,148.13
12,2,2018,72.36
13,2,2018,103.93
14,2,2018,76.92
15,2,2018,94.49
16,2,2018,123.19
17,2,2018,127.8
18,2,2018,127.27
19,2,2018,172.55
20,2,2018,167.16
21,2,2018,172.99
22,2,2018,159.67
23,2,2018,163.75
24,2,2018,164.2
25,2,2018,106.26
26,2,2018,67.27
27,2,2018,85.53
28,2,2018,143.25
1,3,2018,120.71
2,3,2018,139.18
3,3,2018,98.25
4,3,2018,79.83
5,3,2018,76.96
6,3,2018,75.45
7,3,2018,87.62
8,3,2018,139.88
9,3,2018,134.76
10,3,2018,75.67
11,3,2018,88.3
12,3,2018,105.29
13,3,2018,109.22
14,3,2018,116.62
15,3,2018,108.98
16,3,2018,111.67
17,3,2018,81.57
18,3,2018,82.15
19,3,2018,81.93
20,3,2018,109.99
21,3,2018,133.53
22,3,2018,83.4
23,3,2018,64.2
24,3,2018,78.4
25,3,2018,85.34
26,3,2018,85.9
27,3,2018,111.26
28,3,2018,117.78
29,3,2018,95.98
30,3,2018,96.45
31,3,2018,101.59
1,4,2018,75.14
2,4,2018,96.38
3,4,2018,101.18
4,4,2018,111.82
5,4,2018,152.56
6,4,2018,100.5
7,4,2018,48.46
8,4,2018,50.27
9,4,2018,49.56
10,4,2018,93.89
11,4,2018,48.61
12,4,2018,46.21
13,4,2018,83.96
14,4,2018,97.16
15,4,2018,107.36
16,4,2018,119.75
17,4,2018,81.97
18,4,2018,73.44
19,4,2018,89.49
20,4,2018,100.01
21,4,2018,119.24
22,4,2018,62.06
23,4,2018,76.11
24,4,2018,108.64
25,4,2018,117.56
26,4,2018,142.82
27,4,2018,107.47
28,4,2018,84.13
29,4,2018,89.1
30,4,2018,79.3
1,5,2018,54.88
2,5,2018,66.74
3,5,2018,47.25
4,5,2018,49.09
5,5,2018,74.82
6,5,2018,110.48
7,5,2018,111.95
8,5,2018,61
9,5,2018,71.99
10,5,2018,93.45
11,5,2018,132.39
12,5,2018,144.33
13,5,2018,80.64
14,5,2018,49.22
15,5,2018,67.23
16,5,2018,78.74
17,5,2018,105.99
18,5,2018,96.96
19,5,2018,103.98
20,5,2018,83.66
21,5,2018,71.25
22,5,2018,91.16
23,5,2018,129.23
24,5,2018,114.13
25,5,2018,83.88
26,5,2018,103.02
27,5,2018,97.37
28,5,2018,117.56
29,5,2018,112.6
30,5,2018,65.76
31,5,2018,71.99
1,6,2018,79.98
2,6,2018,52.6
3,6,2018,59.52
4,6,2018,64.42
5,6,2018,61.72
6,6,2018,57.68
7,6,2018,73.77
8,6,2018,76.78
9,6,2018,52.79
10,6,2018,67.02
11,6,2018,73.22
12,6,2018,141.28
13,6,2018,261.77
14,6,2018,225.49
15,6,2018,153.28
16,6,2018,127.32
17,6,2018,84.47
18,6,2018,61.06
19,6,2018,52.76
20,6,2018,67.55
21,6,2018,76.98
22,6,2018,83.98
23,6,2018,81.33
24,6,2018,54.15
25,6,2018,46.9
26,6,2018,29.98
27,6,2018,52.48
28,6,2018,30.07
29,6,2018,37.11
30,6,2018,41.41
1,7,2018,34.18
2,7,2018,34.24
3,7,2018,44.55
4,7,2018,45.76
5,7,2018,50.41
6,7,2018,57.12
7,7,2018,61.93
8,7,2018,68.2
9,7,2018,70.48
10,7,2018,47.48
11,7,2018,39.78
12,7,2018,46.53
13,7,2018,28.44
14,7,2018,33.82
15,7,2018,37.76
16,7,2018,37.32
17,7,2018,34.26
18,7,2018,37.76
19,7,2018,35.04
20,7,2018,37.26
21,7,2018,50.21
22,7,2018,25.81
23,7,2018,32.39
24,7,2018,39.3
25,7,2018,34.7
26,7,2018,32.22
27,7,2018,21.75
28,7,2018,37.69
29,7,2018,44.03
30,7,2018,39.89
31,7,2018,50.59
1,8,2018,55.77
2,8,2018,71.5
3,8,2018,65.46
4,8,2018,69.75
5,8,2018,63.57
6,8,2018,50.64
7,8,2018,44.54
8,8,2018,36.7
9,8,2018,36.84
10,8,2018,46.24
11,8,2018,32.72
12,8,2018,25.7
13,8,2018,32.75
14,8,2018,46.85
15,8,2018,43
16,8,2018,36.49
17,8,2018,32.98
18,8,2018,32.11
19,8,2018,47.01
20,8,2018,61.1
21,8,2018,30.98
22,8,2018,29.75
23,8,2018,31.19
24,8,2018,23.71
25,8,2018,21.96
26,8,2018,23.96
27,8,2018,24.78
28,8,2018,29.26
29,8,2018,36.06
30,8,2018,41.26
31,8,2018,47.53
1,9,2018,45.19
2,9,2018,40.9
3,9,2018,42.06
4,9,2018,55.72
5,9,2018,39.77
6,9,2018,49.44
7,9,2018,42.11
8,9,2018,35.45
9,9,2018,29.1
10,9,2018,36.99
11,9,2018,28.33
12,9,2018,28.55
13,9,2018,27.49
14,9,2018,31.38
15,9,2018,37.48
16,9,2018,43.09
17,9,2018,55.86
18,9,2018,54.94
19,9,2018,58.63
20,9,2018,73.3
21,9,2018,46.73
22,9,2018,24.29
23,9,2018,30.71
24,9,2018,21.46
25,9,2018,21.45
26,9,2018,42.83
27,9,2018,71.44
28,9,2018,83.78
29,9,2018,92.46
30,9,2018,69.49
1,10,2018,65.78
2,10,2018,76.03
3,10,2018,63.37
4,10,2018,97.4
5,10,2018,121.12
6,10,2018,78.87
7,10,2018,81.14
8,10,2018,118.6
9,10,2018,103.26
10,10,2018,93.36
11,10,2018,70.42
12,10,2018,67.93
13,10,2018,132.93
14,10,2018,91.88
15,10,2018,115.96
16,10,2018,139.18
17,10,2018,137.29
18,10,2018,143.2
19,10,2018,137.73
20,10,2018,168.87
21,10,2018,141.15
22,10,2018,121.65
23,10,2018,119.4
24,10,2018,174.04
25,10,2018,168.82
26,10,2018,203.12
27,10,2018,206.05
28,10,2018,205
29,10,2018,231.83
30,10,2018,263.39
31,10,2018,225.17
1,11,2018,236.67
2,11,2018,205.44
3,11,2018,159.56
4,11,2018,97.27
5,11,2018,361.98
6,11,2018,177.88
7,11,2018,175.43
8,11,2018,420.3
9,11,2018,300.91
10,11,2018,288.86
11,11,2018,256.68
12,11,2018,271.7
13,11,2018,265.06
14,11,2018,136.2
15,11,2018,98.53
16,11,2018,138.49
17,11,2018,135.21
18,11,2018,166.43
19,11,2018,179.79
20,11,2018,224.1
21,11,2018,209.96
22,11,2018,139.02
23,11,2018,187.85
24,11,2018,107.73
25,11,2018,133.62
26,11,2018,200.69
27,11,2018,205.53
28,11,2018,193.1
29,11,2018,205.17
30,11,2018,190.36
1,12,2018,147.48
2,12,2018,164.63
3,12,2018,178.87
4,12,2018,211.57
5,12,2018,181.62
6,12,2018,218.06
7,12,2018,193.81
8,12,2018,202.83
9,12,2018,226.35
10,12,2018,264.63
11,12,2018,274.97
12,12,2018,209.63
13,12,2018,94.29
14,12,2018,113.42
15,12,2018,122.69
16,12,2018,150.28
17,12,2018,182.78
18,12,2018,204.08
19,12,2018,205.22
20,12,2018,258.1
21,12,2018,252.2
22,12,2018,326.79
23,12,2018,401.58
24,12,2018,378.68
25,12,2018,268.2
26,12,2018,241
27,12,2018,290.1
28,12,2018,249.23
29,12,2018,248.12
30,12,2018,336.42
31,12,2018,319.69
1,1,2019,287.34
2,1,2019,331.2
3,1,2019,355.4
4,1,2019,246.46
5,1,2019,262.53
6,1,2019,174.26
7,1,2019,181.74
8,1,2019,156.26
9,1,2019,143.66
10,1,2019,165.95
11,1,2019,278.95
12,1,2019,311.03
13,1,2019,272.45
14,1,2019,94.44
15,1,2019,134.57
16,1,2019,271.96
17,1,2019,358.91
18,1,2019,237.22
19,1,2019,262.68
20,1,2019,314.59
21,1,2019,175.49
22,1,2019,53.25
23,1,2019,135.68
24,1,2019,130.59
25,1,2019,81.2
26,1,2019,101.61
27,1,2019,136.47
28,1,2019,126.48
29,1,2019,142
30,1,2019,206.14
31,1,2019,204.25
1,2,2019,178.68
2,2,2019,177.32
3,2,2019,131.1
4,2,2019,144.62
5,2,2019,256.33
6,2,2019,177.25
7,2,2019,65.65
8,2,2019,72.29
9,2,2019,82.5
10,2,2019,143.31
11,2,2019,173.61
12,2,2019,208.64
13,2,2019,198.26
14,2,2019,153.73
15,2,2019,123.46
16,2,2019,112.34
17,2,2019,99.27
18,2,2019,109.11
19,2,2019,126.12
20,2,2019,102.3
21,2,2019,73.33
22,2,2019,73.9
23,2,2019,56.51
24,2,2019,89.34
25,2,2019,92.36
26,2,2019,59.97
27,2,2019,47.18
28,2,2019,96.38
1,3,2019,93.83
2,3,2019,109.6
3,3,2019,62.92
4,3,2019,105.93
5,3,2019,68.86
6,3,2019,83.45
7,3,2019,104.61
8,3,2019,92.07
9,3,2019,73.31
10,3,2019,73.98
11,3,2019,82.17
12,3,2019,57.28
13,3,2019,89.17
14,3,2019,111.2
15,3,2019,74.88
16,3,2019,68.64
17,3,2019,93.61
18,3,2019,100.32
19,3,2019,103.77
20,3,2019,89.82
21,3,2019,112.29
22,3,2019,38.43
23,3,2019,55.62
24,3,2019,53.28
25,3,2019,65
26,3,2019,75.82
27,3,2019,78.37
28,3,2019,116.55
29,3,2019,112.67
30,3,2019,102.27
31,3,2019,58.96
1,4,2019,59.08
2,4,2019,90.1
3,4,2019,85.02
4,4,2019,119.71
5,4,2019,125.44
6,4,2019,96.6
7,4,2019,152.91
8,4,2019,81.3
9,4,2019,87.74
10,4,2019,101.94
11,4,2019,70.25
12,4,2019,61.34
13,4,2019,55.93
14,4,2019,51.51
15,4,2019,54.84
16,4,2019,59.08
17,4,2019,22.14
18,4,2019,38.92
19,4,2019,71.62
20,4,2019,90.55
21,4,2019,95.24
22,4,2019,110.16
23,4,2019,104.17
24,4,2019,85.7
25,4,2019,86.41
26,4,2019,82.37
27,4,2019,73.06
28,4,2019,76.44
29,4,2019,84.04
30,4,2019,95.72
1,5,2019,111.57
2,5,2019,77.72
3,5,2019,52.16
4,5,2019,77.96
5,5,2019,101.25
6,5,2019,118.9
7,5,2019,128.78
8,5,2019,143.34
9,5,2019,137.2
10,5,2019,95.07
11,5,2019,101.83
12,5,2019,178.22
13,5,2019,170.81
14,5,2019,58.22
15,5,2019,84.81
16,5,2019,75.45
17,5,2019,92.53
18,5,2019,44.28
19,5,2019,81.99
20,5,2019,93.97
21,5,2019,77.78
22,5,2019,64.24
23,5,2019,92.4
24,5,2019,43.86
25,5,2019,43.66
26,5,2019,55.13
27,5,2019,64.66
28,5,2019,65.82
29,5,2019,74.8
30,5,2019,85.21
31,5,2019,88.57
1,6,2019,95.4
2,6,2019,73.36
3,6,2019,66.94
4,6,2019,54.95
5,6,2019,73.35
6,6,2019,70.61
7,6,2019,54.81
8,6,2019,69.75
9,6,2019,101.05
10,6,2019,74.48
11,6,2019,118.38
12,6,2019,59.86
13,6,2019,52.66
14,6,2019,53.79
15,6,2019,81.86
16,6,2019,42.06
17,6,2019,40.18
18,6,2019,30.39
19,6,2019,79.96
20,6,2019,42.76
21,6,2019,71.15
22,6,2019,68.27
23,6,2019,42.06
24,6,2019,26.29
25,6,2019,53.65
26,6,2019,67.36
27,6,2019,65.3
28,6,2019,61.21
29,6,2019,58.08
30,6,2019,65.24
1,7,2019,57.27
2,7,2019,71.68
3,7,2019,39.99
4,7,2019,36.82
5,7,2019,48.6
6,7,2019,34.25
7,7,2019,38.81
8,7,2019,49.12
9,7,2019,42.56
10,7,2019,69.21
11,7,2019,76.99
12,7,2019,76.35
13,7,2019,63.18
14,7,2019,63.16
15,7,2019,42.04
16,7,2019,31.51
17,7,2019,32.06
18,7,2019,32.92
19,7,2019,63.02
20,7,2019,46.43
21,7,2019,50.57
22,7,2019,60.38
23,7,2019,73.08
24,7,2019,63.26
25,7,2019,22.79
26,7,2019,30.63
27,7,2019,26.16
28,7,2019,21.13
29,7,2019,24.45
30,7,2019,30.1
31,7,2019,30.22
1,8,2019,34.26
2,8,2019,35.06
3,8,2019,38.54
4,8,2019,46.69
5,8,2019,52.2
6,8,2019,30.04
7,8,2019,32.63
8,8,2019,27.69
9,8,2019,14.59
10,8,2019,16.73
11,8,2019,25.53
12,8,2019,20.53
13,8,2019,21.68
14,8,2019,33.21
15,8,2019,28.78
16,8,2019,15.52
17,8,2019,10.24
18,8,2019,15.51
19,8,2019,38.55
20,8,2019,41.74
21,8,2019,46.69
22,8,2019,44.16
23,8,2019,50.49
24,8,2019,60.71
25,8,2019,33.49
26,8,2019,25.06
27,8,2019,40.68
28,8,2019,42.04
29,8,2019,33.92
30,8,2019,43.5
31,8,2019,57.16
1,9,2019,35.13
2,9,2019,46.15
3,9,2019,70.64
4,9,2019,73.33
5,9,2019,33.9
6,9,2019,35.81
7,9,2019,34.98
8,9,2019,32.83
9,9,2019,56.31
10,9,2019,64.48
11,9,2019,79.6
12,9,2019,57.83
13,9,2019,33.59
14,9,2019,26.65
15,9,2019,35.52
16,9,2019,56.6
17,9,2019,59.14
18,9,2019,35.41
19,9,2019,21.74
20,9,2019,40.33
21,9,2019,39.23
22,9,2019,26.51
23,9,2019,34.46
24,9,2019,35.88
25,9,2019,30.52
26,9,2019,22.9
27,9,2019,15.66
28,9,2019,22.52
29,9,2019,16.91
30,9,2019,29.42
1,10,2019,33.92
2,10,2019,40.16
3,10,2019,57.99
4,10,2019,43.07
5,10,2019,39.48
6,10,2019,58.75
7,10,2019,55.88
8,10,2019,44.85
9,10,2019,77.02
10,10,2019,100.82
11,10,2019,98.07
12,10,2019,103.45
13,10,2019,132.57
14,10,2019,116.33
15,10,2019,133.35
16,10,2019,146.37
17,10,2019,121.68
18,10,2019,90.41
19,10,2019,76.77
20,10,2019,98.05
21,10,2019,115.16
22,10,2019,93.51
23,10,2019,122.12
24,10,2019,173.56
25,10,2019,129.9
26,10,2019,148.73
27,10,2019,198.81
28,10,2019,301.39
29,10,2019,287.56
30,10,2019,279.32
31,10,2019,314.32
1,11,2019,388.45
2,11,2019,320.26
3,11,2019,582.28
4,11,2019,272.3
5,11,2019,190.41
6,11,2019,101.09
7,11,2019,182.47
8,11,2019,154.14
9,11,2019,140.8
10,11,2019,192.35
11,11,2019,252.48
12,11,2019,384.34
13,11,2019,383.36
14,11,2019,371.42
15,11,2019,423.52
16,11,2019,174.03
17,11,2019,96.34
18,11,2019,108.4
19,11,2019,126.92
20,11,2019,175.19
21,11,2019,217.7
22,11,2019,201.17
23,11,2019,130.41
24,11,2019,107.86
25,11,2019,122.37
26,11,2019,114.27
27,11,2019,65.7
28,11,2019,31.03
29,11,2019,53.79
30,11,2019,96.96
1,12,2019,123.66
2,12,2019,141.12
3,12,2019,140.07
4,12,2019,163.24
5,12,2019,271.99
6,12,2019,241.69
7,12,2019,233.79
8,12,2019,239.98
9,12,2019,200.33
10,12,2019,236.4
11,12,2019,299.85
12,12,2019,284.18
13,12,2019,94.62
14,12,2019,78.59
15,12,2019,94.67
16,12,2019,88.05
17,12,2019,93.07
18,12,2019,144
19,12,2019,261.16
20,12,2019,316.09
21,12,2019,249.87
22,12,2019,146.81
23,12,2019,171.47
24,12,2019,262.69
25,12,2019,166.71
26,12,2019,196.97
27,12,2019,240.07
28,12,2019,275.6
29,12,2019,326.79
30,12,2019,333.43
31,12,2019,245.53
1,1,2020,372.14
2,1,2020,327.04
3,1,2020,228.9
4,1,2020,220.6
5,1,2020,170.21
6,1,2020,159.64
7,1,2020,120.31
8,1,2020,117.98
9,1,2020,89.26
10,1,2020,130.82
11,1,2020,151.1
12,1,2020,207.23
13,1,2020,218.98
14,1,2020,115.62
15,1,2020,111.57
16,1,2020,139.06
17,1,2020,107.65
18,1,2020,125.3
19,1,2020,125.04
20,1,2020,142.18
21,1,2020,222.81
22,1,2020,198.88
23,1,2020,74.45
24,1,2020,79.83
25,1,2020,136.72
26,1,2020,201.2
27,1,2020,209.97
28,1,2020,104.45
29,1,2020,77.95
30,1,2020,91.56
31,1,2020,92.04
1,2,2020,112.13
2,2,2020,120.86
3,2,2020,138.5
4,2,2020,188.42
5,2,2020,150.08
6,2,2020,118.57
7,2,2020,150.15
8,2,2020,149.67
9,2,2020,151.43
10,2,2020,174.4
11,2,2020,176.57
12,2,2020,172.12
13,2,2020,95.72
14,2,2020,73.84
15,2,2020,83.07
16,2,2020,132.63
17,2,2020,158.69
18,2,2020,125.53
19,2,2020,138.46
20,2,2020,98.84
21,2,2020,53.11
22,2,2020,63.62
23,2,2020,105.71
24,2,2020,70.59
25,2,2020,127.75
26,2,2020,141.81
27,2,2020,107.28
28,2,2020,83.48
29,2,2020,60.01
1,3,2020,42.83
2,3,2020,99.34
3,3,2020,86.26
4,3,2020,82.9
5,3,2020,31.43
6,3,2020,21.32
7,3,2020,40.96
8,3,2020,72.1
9,3,2020,58.04
10,3,2020,84.35
11,3,2020,55.19
12,3,2020,56.92
13,3,2020,68.72
14,3,2020,39.41
15,3,2020,60.99
16,3,2020,61.61
17,3,2020,69.7
18,3,2020,68.93
19,3,2020,90.62
20,3,2020,90.31
21,3,2020,82.39
22,3,2020,78.61
23,3,2020,54.26
24,3,2020,55.85
25,3,2020,37.87
26,3,2020,45.69
27,3,2020,26.89
28,3,2020,21.23
29,3,2020,27.59
30,3,2020,35.08
31,3,2020,35.31
1,4,2020,32.88
2,4,2020,28.51
3,4,2020,31.36
4,4,2020,40.79
5,4,2020,51.79
6,4,2020,59.91
7,4,2020,33.12
8,4,2020,29.7
9,4,2020,36.13
10,4,2020,57.67
11,4,2020,53.03
12,4,2020,38.57
13,4,2020,60.6
14,4,2020,58.22
15,4,2020,58.31
16,4,2020,69.8
17,4,2020,26.93
18,4,2020,29.09
19,4,2020,35.49
20,4,2020,52.86
21,4,2020,37.17
22,4,2020,58.25
23,4,2020,54.71
24,4,2020,65.91
25,4,2020,33.09
26,4,2020,40.24
27,4,2020,27.18
28,4,2020,41.75
29,4,2020,55.18
30,4,2020,49.96
1,5,2020,61.04
2,5,2020,34.67
3,5,2020,32.56
4,5,2020,26.63
5,5,2020,56.24
6,5,2020,58.44
7,5,2020,36.02
8,5,2020,51.09
9,5,2020,54.18
10,5,2020,44.3
11,5,2020,43.26
12,5,2020,43.19
13,5,2020,68.8
14,5,2020,56.17
15,5,2020,47.44
16,5,2020,81.87
17,5,2020,98.63
18,5,2020,101.02
19,5,2020,106.63
20,5,2020,67.8
21,5,2020,55.92
22,5,2020,94.37
23,5,2020,74.92
24,5,2020,55.37
25,5,2020,61.46
26,5,2020,55.38
27,5,2020,43.22
28,5,2020,39.07
29,5,2020,24.62
30,5,2020,23.09
31,5,2020,21.51
1,6,2020,41.05
2,6,2020,45.9
3,6,2020,50.62
4,6,2020,68.24
5,6,2020,42.43
6,6,2020,35.14
7,6,2020,39.99
8,6,2020,46.9
9,6,2020,64.77
10,6,2020,58.9
11,6,2020,54.69
12,6,2020,64
13,6,2020,52.36
14,6,2020,71.08
15,6,2020,48.69
16,6,2020,39.87
17,6,2020,34.35
18,6,2020,36.84
19,6,2020,57.6
20,6,2020,35.96
21,6,2020,39.7
22,6,2020,39.47
23,6,2020,29.02
24,6,2020,30.91
25,6,2020,38.37
26,6,2020,50.01
27,6,2020,39.8
28,6,2020,59.52
29,6,2020,44.86
30,6,2020,39.8
1,7,2020,49
2,7,2020,58
3,7,2020,61
4,7,2020,42
5,7,2020,27
6,7,2020,41
7,7,2020,16
8,7,2020,21
9,7,2020,28
10,7,2020,23
11,7,2020,18
12,7,2020,18
13,7,2020,28
14,7,2020,36
15,7,2020,37
16,7,2020,28
17,7,2020,43
18,7,2020,39
19,7,2020,22
20,7,2020,18
21,7,2020,21
22,7,2020,16
23,7,2020,31
24,7,2020,37
25,7,2020,27
26,7,2020,34
27,7,2020,29
28,7,2020,22
29,7,2020,21
30,7,2020,14
31,7,2020,36
1,8,2020,32
2,8,2020,20
3,8,2020,21
4,8,2020,22
5,8,2020,35
6,8,2020,15
7,8,2020,23
8,8,2020,45
9,8,2020,29
10,8,2020,26
11,8,2020,38
12,8,2020,20
13,8,2020,12
14,8,2020,18
15,8,2020,27
16,8,2020,17
17,8,2020,25
18,8,2020,23
19,8,2020,19
20,8,2020,18
21,8,2020,17
22,8,2020,14
23,8,2020,16
24,8,2020,12
25,8,2020,14
26,8,2020,14
27,8,2020,15
28,8,2020,23
29,8,2020,28
30,8,2020,11
31,8,2020,11
1,9,2020,14
2,9,2020,17
3,9,2020,31
4,9,2020,36
5,9,2020,19
6,9,2020,22
7,9,2020,44
8,9,2020,29
9,9,2020,50
10,9,2020,49
11,9,2020,53
12,9,2020,52
13,9,2020,58
14,9,2020,64
15,9,2020,56
16,9,2020,61
17,9,2020,43
18,9,2020,37
19,9,2020,52
20,9,2020,61
21,9,2020,58
22,9,2020,35
23,9,2020,23
24,9,2020,37
25,9,2020,49
26,9,2020,57
27,9,2020,32
28,9,2020,64
29,9,2020,64
30,9,2020,55
1,10,2020,55
2,10,2020,69
3,10,2020,74
4,10,2020,70
5,10,2020,67
6,10,2020,69
7,10,2020,80
8,10,2020,74
9,10,2020,83
10,10,2020,89
11,10,2020,88
12,10,2020,111
13,10,2020,117
14,10,2020,112
15,10,2020,121
16,10,2020,98
17,10,2020,117
18,10,2020,106
19,10,2020,109
20,10,2020,94
21,10,2020,86
22,10,2020,138
23,10,2020,196
24,10,2020,164
25,10,2020,161
26,10,2020,168
27,10,2020,167
28,10,2020,165
29,10,2020,219
30,10,2020,203
31,10,2020,271
1,11,2020,252
2,11,2020,140
3,11,2020,111
4,11,2020,291
5,11,2020,263
6,11,2020,225
7,11,2020,300
8,11,2020,292
9,11,2020,529
10,11,2020,471
11,11,2020,126
12,11,2020,161
13,11,2020,165
14,11,2020,354
15,11,2020,314
16,11,2020,89
17,11,2020,83
18,11,2020,114
19,11,2020,127
20,11,2020,152
21,11,2020,124
22,11,2020,139
23,11,2020,151
24,11,2020,234
25,11,2020,277
26,11,2020,110
27,11,2020,79
28,11,2020,120
29,11,2020,115
30,11,2020,163
1,12,2020,220
2,12,2020,208
3,12,2020,176
4,12,2020,216
5,12,2020,245
6,12,2020,227
7,12,2020,294
8,12,2020,194
9,12,2020,180
10,12,2020,125
11,12,2020,143
12,12,2020,260
13,12,2020,123
14,12,2020,86
15,12,2020,126
16,12,2020,130
17,12,2020,152
18,12,2020,139
19,12,2020,171
20,12,2020,180
21,12,2020,186
22,12,2020,298
23,12,2020,337
24,12,2020,317
25,12,2020,219
26,12,2020,207
27,12,2020,264
28,12,2020,93
29,12,2020,132
30,12,2020,170
31,12,2020,249
1,1,2021,378
2,1,2021,339
3,1,2021,158
4,1,2021,85
5,1,2021,69
6,1,2021,138
7,1,2021,128
8,1,2021,161
9,1,2021,165
10,1,2021,139
11,1,2021,134
12,1,2021,193
13,1,2021,254
14,1,2021,423
15,1,2021,404
16,1,2021,291
17,1,2021,260
18,1,2021,211
19,1,2021,302
20,1,2021,148
21,1,2021,154
22,1,2021,277
23,1,2021,188
24,1,2021,241
25,1,2021,181
26,1,2021,173
27,1,2021,177
28,1,2021,260
29,1,2021,229
30,1,2021,150
31,1,2021,130
1,2,2021,204
2,2,2021,216
3,2,2021,179
4,2,2021,154
5,2,2021,74
6,2,2021,110
7,2,2021,137
8,2,2021,182
9,2,2021,196
10,2,2021,149
11,2,2021,190
12,2,2021,232
13,2,2021,171
14,2,2021,193
15,2,2021,154
16,2,2021,183
17,2,2021,163
18,2,2021,137
19,2,2021,182
20,2,2021,-
21,2,2021,-
22,2,2021,114
23,2,2021,86
24,2,2021,101
25,2,2021,133
26,2,2021,108
27,2,2021,54
28,2,2021,66
1,3,2021,64
2,3,2021,61
3,3,2021,95
4,3,2021,96
5,3,2021,100
6,3,2021,106
7,3,2021,101
8,3,2021,105
9,3,2021,117
10,3,2021,65
11,3,2021,101
12,3,2021,67
13,3,2021,81
14,3,2021,98
15,3,2021,98
16,3,2021,113
17,3,2021,109
18,3,2021,116
19,3,2021,100
20,3,2021,111
21,3,2021,90
22,3,2021,70
23,3,2021,71
24,3,2021,62
25,3,2021,47
26,3,2021,73
27,3,2021,78
28,3,2021,75
29,3,2021,90
30,3,2021,85
31,3,2021,60
1,4,2021,46
2,4,2021,61
3,4,2021,44
4,4,2021,64
5,4,2021,77
6,4,2021,120
7,4,2021,74
8,4,2021,51
9,4,2021,57
10,4,2021,73
11,4,2021,70
12,4,2021,107
13,4,2021,91
14,4,2021,66
15,4,2021,77
16,4,2021,76
17,4,2021,46
18,4,2021,54
19,4,2021,74
20,4,2021,62
21,4,2021,55
22,4,2021,42
23,4,2021,43
24,4,2021,36
25,4,2021,101
26,4,2021,151
27,4,2021,157
28,4,2021,173
29,4,2021,154
30,4,2021,107
1,5,2021,76
2,5,2021,67
3,5,2021,117
4,5,2021,63
5,5,2021,65
6,5,2021,61
7,5,2021,58
8,5,2021,62
9,5,2021,54
10,5,2021,55
11,5,2021,58
12,5,2021,43
13,5,2021,36
14,5,2021,44
15,5,2021,49
16,5,2021,52
17,5,2021,74
18,5,2021,26
19,5,2021,33
20,5,2021,29
21,5,2021,27
22,5,2021,24
23,5,2021,136
24,5,2021,67
25,5,2021,43
26,5,2021,47
27,5,2021,48
28,5,2021,29
29,5,2021,18
30,5,2021,23
31,5,2021,36
1,6,2021,30
2,6,2021,48
3,6,2021,62
4,6,2021,56
5,6,2021,43
6,6,2021,36
7,6,2021,56
8,6,2021,69
9,6,2021,53
10,6,2021,58
11,6,2021,38
12,6,2021,36
13,6,2021,35
14,6,2021,35
15,6,2021,35
16,6,2021,36
17,6,2021,36
18,6,2021,25
19,6,2021,23
20,6,2021,25
21,6,2021,35
22,6,2021,44
23,6,2021,74
24,6,2021,50
25,6,2021,51
26,6,2021,43
27,6,2021,72
28,6,2021,65
29,6,2021,66
30,6,2021,54
1,7,2021,41
2,7,2021,48
3,7,2021,36
4,7,2021,48
5,7,2021,41
6,7,2021,42
7,7,2021,44
8,7,2021,43
9,7,2021,46
10,7,2021,29
11,7,2021,41
12,7,2021,39
13,7,2021,26
14,7,2021,29
15,7,2021,39
16,7,2021,36
17,7,2021,42
18,7,2021,26
19,7,2021,10
20,7,2021,30
21,7,2021,33
22,7,2021,25
23,7,2021,27
24,7,2021,34
25,7,2021,31
26,7,2021,44
27,7,2021,31
28,7,2021,15
29,7,2021,23
30,7,2021,32
31,7,2021,18
1,8,2021,26
2,8,2021,41
3,8,2021,27
4,8,2021,20
5,8,2021,36
6,8,2021,48
7,8,2021,36
8,8,2021,41
9,8,2021,49
10,8,2021,35
11,8,2021,26
12,8,2021,27
13,8,2021,28
14,8,2021,26
15,8,2021,29
16,8,2021,33
17,8,2021,43
18,8,2021,52
19,8,2021,67
20,8,2021,37
21,8,2021,20
22,8,2021,32
23,8,2021,30
24,8,2021,41
25,8,2021,31
26,8,2021,27
27,8,2021,41
28,8,2021,44
29,8,2021,46
30,8,2021,23
31,8,2021,17
1,9,2021,20
2,9,2021,25
3,9,2021,20
4,9,2021,21
5,9,2021,33
6,9,2021,40
7,9,2021,40
8,9,2021,21
9,9,2021,27
10,9,2021,29
11,9,2021,18
12,9,2021,23
13,9,2021,34
14,9,2021,23
15,9,2021,16
16,9,2021,19
17,9,2021,20
18,9,2021,30
19,9,2021,24
20,9,2021,25
21,9,2021,28
22,9,2021,24
23,9,2021,22
24,9,2021,22
25,9,2021,37
26,9,2021,33
27,9,2021,48
28,9,2021,44
29,9,2021,26
30,9,2021,30
1,10,2021,43
2,10,2021,49
3,10,2021,31
4,10,2021,27
5,10,2021,36
6,10,2021,45
7,10,2021,65
8,10,2021,71
9,10,2021,59
10,10,2021,56
11,10,2021,50
12,10,2021,64
13,10,2021,67
14,10,2021,73
15,10,2021,93
16,10,2021,159
17,10,2021,123
18,10,2021,13
19,10,2021,54
20,10,2021,100
21,10,2021,66
22,10,2021,45
23,10,2021,53
24,10,2021,59
25,10,2021,41
26,10,2021,67
27,10,2021,110
28,10,2021,129
29,10,2021,127
30,10,2021,121
31,10,2021,129
1,11,2021,114
2,11,2021,127
3,11,2021,148
4,11,2021,309
5,11,2021,368
6,11,2021,337
7,11,2021,250
8,11,2021,245
9,11,2021,263
10,11,2021,219
11,11,2021,281
12,11,2021,406
13,11,2021,286
14,11,2021,157
15,11,2021,189
16,11,2021,252
17,11,2021,187
18,11,2021,175
19,11,2021,223
20,11,2021,204
21,11,2021,198
22,11,2021,151
23,11,2021,138
24,11,2021,199
25,11,2021,249
26,11,2021,257
27,11,2021,218
28,11,2021,272
29,11,2021,225
30,11,2021,181
1,12,2021,225
2,12,2021,299
3,12,2021,215
4,12,2021,163
5,12,2021,146
6,12,2021,155
7,12,2021,116
8,12,2021,119
9,12,2021,149
10,12,2021,153
11,12,2021,114
12,12,2021,119
13,12,2021,157
14,12,2021,207
15,12,2021,196
16,12,2021,215
17,12,2021,162
18,12,2021,157
19,12,2021,152
20,12,2021,180
21,12,2021,230
22,12,2021,268
23,12,2021,332
24,12,2021,280
25,12,2021,352
26,12,2021,369
27,12,2021,120
28,12,2021,126
29,12,2021,126
30,12,2021,156
31,12,2021,204
1,1,2022,82.39
2,1,2022,88.08
3,1,2022,89.75
4,1,2022,69.57
5,1,2022,68.34
6,1,2022,61.08
7,1,2022,85.7
8,1,2022,97.62
9,1,2022,103.58
10,1,2022,145.97
11,1,2022,180.52
12,1,2022,151.57
13,1,2022,144.04
14,1,2022,148.44
15,1,2022,130.22
16,1,2022,147.71
17,1,2022,111.34
18,1,2022,100.7
19,1,2022,97.67
20,1,2022,75.81
21,1,2022,95.24
22,1,2022,148.29
23,1,2022,90.66
24,1,2022,156.71
25,1,2022,170.28
26,1,2022,198.1
27,1,2022,158.04
28,1,2022,116.98
29,1,2022,143.73
30,1,2022,169.22
31,1,2022,147.65
1,2,2022,101.61
2,2,2022,113.2
3,2,2022,112.89
4,2,2022,95.72
5,2,2022,108.4
6,2,2022,245.97
7,2,2022,277.53
8,2,2022,232.4
9,2,2022,244.78
10,2,2022,293.49
11,2,2022,161.78
12,2,2022,153.33
13,2,2022,353.86
14,2,2022,217.55
15,2,2022,201.44
16,2,2022,249.95
17,2,2022,219.68
18,2,2022,258.48
19,2,2022,291.66
20,2,2022,221.68
21,2,2022,214.24
22,2,2022,184.02
23,2,2022,136.22
24,2,2022,188.09
25,2,2022,238.69
26,2,2022,271.42
27,2,2022,293.73
28,2,2022,247.27
1,3,2022,266.95
2,3,2022,241.61
3,3,2022,149.14
4,3,2022,182.5
5,3,2022,193.58
6,3,2022,172.89
7,3,2022,190.46
8,3,2022,282.76
9,3,2022,183.28
10,3,2022,170.74
11,3,2022,190.14
12,3,2022,186.64
13,3,2022,282.01
14,3,2022,218.22
15,3,2022,249.8
16,3,2022,283.59
17,3,2022,250.69
18,3,2022,211.95
19,3,2022,198.38
20,3,2022,184.12
21,3,2022,135.42
22,3,2022,118.6
23,3,2022,88.3
24,3,2022,111.45
25,3,2022,152.24
26,3,2022,136.75
27,3,2022,114.35
28,3,2022,181.67
29,3,2022,135.78
30,3,2022,204.72
31,3,2022,321.52
1,4,2022,129.08
2,4,2022,132.56
3,4,2022,158.69
4,4,2022,187.01
5,4,2022,148.77
6,4,2022,159.67
7,4,2022,233.97
8,4,2022,240.97
9,4,2022,295.71
10,4,2022,239.21
11,4,2022,270.1
12,4,2022,339.8
13,4,2022,318.1
14,4,2022,305.51
15,4,2022,391.54
16,4,2022,339.87
17,4,2022,158.43
18,4,2022,183.24
19,4,2022,227.13
20,4,2022,195.21
21,4,2022,248.59
22,4,2022,196.87
23,4,2022,178.8
24,4,2022,138.86
25,4,2022,179.48
26,4,2022,269.05
27,4,2022,278.2
28,4,2022,272.1
29,4,2022,196.83
30,4,2022,290.66
1,5,2022,294.3
2,5,2022,303.5
3,5,2022,217.05
4,5,2022,308.75
5,5,2022,255.94
6,5,2022,283.03
7,5,2022,311.08
8,5,2022,285.83
9,5,2022,242.05
10,5,2022,121.4
11,5,2022,135.31
12,5,2022,136.87
13,5,2022,130.76
14,5,2022,206.72
15,5,2022,224.94
16,5,2022,170.45
17,5,2022,119.57
18,5,2022,181.76
19,5,2022,216.55
20,5,2022,150
21,5,2022,146.03
22,5,2022,110.89
23,5,2022,103.57
24,5,2022,115.7
25,5,2022,123.22
26,5,2022,135.38
27,5,2022,148.75
28,5,2022,207.1
29,5,2022,150.89
30,5,2022,76.12
31,5,2022,88.73
1,6,2022,86.17
2,6,2022,177.64
3,6,2022,131.69
4,6,2022,129.66
5,6,2022,144.98
6,6,2022,163.92
7,6,2022,170.12
8,6,2022,213.62
9,6,2022,175.63
10,6,2022,165.22
11,6,2022,115.55
12,6,2022,53
13,6,2022,47.43
14,6,2022,98.61
15,6,2022,84.42
16,6,2022,109.16
17,6,2022,129.9
18,6,2022,85.76
19,6,2022,60.17
20,6,2022,58.95
21,6,2022,51.82
22,6,2022,81.32
23,6,2022,67.63
24,6,2022,70.86
25,6,2022,72.47
26,6,2022,103.73
27,6,2022,95.52
28,6,2022,58.4
29,6,2022,47.43
30,6,2022,48.6
1,7,2022,21.83
2,7,2022,48.6
3,7,2022,39.6
4,7,2022,26.54
5,7,2022,30.12
6,7,2022,35.23
7,7,2022,39.6
8,7,2022,46.25
9,7,2022,35.48
10,7,2022,22.15
11,7,2022,25.5
12,7,2022,46
13,7,2022,36.54
14,7,2022,47.79
15,7,2022,51.33
16,7,2022,62.33
17,7,2022,34.3
18,7,2022,23.82
19,7,2022,15.23
20,7,2022,20.5
21,7,2022,41.62
22,7,2022,25.58
23,7,2022,20.06
24,7,2022,38.19
25,7,2022,47.89
26,7,2022,35.61
27,7,2022,39.41
28,7,2022,40.34
29,7,2022,51.7
30,7,2022,54.83
31,7,2022,60.46
1,8,2022,63.97
2,8,2022,46.65
3,8,2022,54.77
4,8,2022,80.47
5,8,2022,64.37
6,8,2022,51.56
7,8,2022,53.05
8,8,2022,60.83
9,8,2022,55.55
10,8,2022,70.81
11,8,2022,55.93
12,8,2022,11.81
13,8,2022,17.76
14,8,2022,35.5
15,8,2022,50.09
16,8,2022,66.12
17,8,2022,80.94
18,8,2022,75.4
19,8,2022,89.38
20,8,2022,74.2
21,8,2022,68.47
22,8,2022,63.41
23,8,2022,69.45
24,8,2022,76.81
25,8,2022,75.73
26,8,2022,79.81
27,8,2022,70.98
28,8,2022,102.2
29,8,2022,107.63
30,8,2022,105.88
31,8,2022,104.45
1,9,2022,106.85
2,9,2022,137.42
3,9,2022,147.07
4,9,2022,147.83
5,9,2022,152.61
6,9,2022,121.7
7,9,2022,152.16
8,9,2022,176.17
9,9,2022,426.52
10,9,2022,213.12
11,9,2022,146.01
12,9,2022,163.35
13,9,2022,188.24
14,9,2022,203.03
15,9,2022,178.91
16,9,2022,167.54
17,9,2022,198.37
18,9,2022,187.82
19,9,2022,196.37
20,9,2022,211.64
21,9,2022,179.17
22,9,2022,160.69
23,9,2022,168.16
24,9,2022,190.33
25,9,2022,209.61
26,9,2022,216.53
27,9,2022,517.93
28,9,2022,639.19
29,9,2022,495.9
30,9,2022,370.73
1,10,2022,363.77
2,10,2022,465.08
3,10,2022,354.56
4,10,2022,254.36
5,10,2022,192.04
6,10,2022,191.57
7,10,2022,150.79
8,10,2022,143.51
9,10,2022,128.65
10,10,2022,171.34
11,10,2022,178.08
12,10,2022,177.41
13,10,2022,175.56
14,10,2022,187.97
15,10,2022,185.31
16,10,2022,224.37
17,10,2022,198.34
18,10,2022,167.74
19,10,2022,215.17
20,10,2022,219.84
21,10,2022,190.45
22,10,2022,208.87
23,10,2022,240.87
24,10,2022,261.82
25,10,2022,230.56
26,10,2022,120.91
27,10,2022,88.95
28,10,2022,115.08
29,10,2022,165.76
30,10,2022,230.34
31,10,2022,218.87
1,11,2022,109.18
2,11,2022,134.99
3,11,2022,126.67
4,11,2022,127.57
5,11,2022,100.72
6,11,2022,95.58
7,11,2022,115.19
8,11,2022,168.33
9,11,2022,283.24
10,11,2022,293.14
11,11,2022,157.72
12,11,2022,117.72
13,11,2022,203.18
14,11,2022,259
15,11,2022,224.42
16,11,2022,224.27
17,11,2022,249.17
18,11,2022,227.28
19,11,2022,273.56
20,11,2022,306.17
21,11,2022,303.41
22,11,2022,277.48
23,11,2022,217.01
24,11,2022,248.54
25,11,2022,240.42
26,11,2022,252.57
27,11,2022,191.66
28,11,2022,152.98
29,11,2022,233.1
30,11,2022,186.26
1,12,2022,154.64
2,12,2022,168.87
3,12,2022,230.5
4,12,2022,191.47
5,12,2022,177.71
6,12,2022,133.56
7,12,2022,235.06
8,12,2022,276.25
9,12,2022,253.7
10,12,2022,152.33
11,12,2022,153.61
12,12,2022,202.11
13,12,2022,160.79
14,12,2022,130.16
15,12,2022,111.75
16,12,2022,128.45
17,12,2022,155.2
18,12,2022,150.96
19,12,2022,162.48
20,12,2022,126.84
21,12,2022,123.48
22,12,2022,157.33
23,12,2022,140.35
24,12,2022,115.05
25,12,2022,133.8
26,12,2022,163.6
27,12,2022,126.48
28,12,2022,142
29,12,2022,206.14
30,12,2022,204.25
31,12,2022,178.68